fault_type,baseline_id,n,failures,failure_count,repair_attempted,recovered,harmful,abstain,attempted_count,recovered_count,harmful_count,abstain_count,attempted_rate,recovery_rate,harmful_rate,abstain_rate,recovery_rate_ci95,attempted_ci95,harmful_rate_ci95,abstain_ci95,latency,confidence_reliability,calibration_descriptive,calibration_n,expected_calibration_error,brier_score,risk_coverage,bootstrap_ci
drop_action,oracle,3,3,3,0,0,0,3,0,0,0,3,0.0,0.0,0.0,1.0,"{""lower"":0.0,""n"":3,""successes"":0,""upper"":0.5614970317550454}","{""lower"":0.0,""n"":3,""successes"":0,""upper"":0.5614970317550454}","{""lower"":0.0,""n"":3,""successes"":0,""upper"":0.5614970317550454}","{""lower"":0.4385029682449546,""n"":3,""successes"":3,""upper"":1.0}","{""availability_rate"":0.0,""available_count"":0,""missing_count"":3,""summary"":null}","[{""abstain_count"":0,""attempted_count"":0,""bucket"":""[0.0, 0.2)"",""diagnosis_exact_count"":0,""diagnosis_exact_n"":0,""diagnosis_exact_rate"":null,""mean_confidence"":null,""n"":0,""recovered_count"":0},{""abstain_count"":0,""attempted_count"":0,""bucket"":""[0.2, 0.4)"",""diagnosis_exact_count"":0,""diagnosis_exact_n"":0,""diagnosis_exact_rate"":null,""mean_confidence"":null,""n"":0,""recovered_count"":0},{""abstain_count"":0,""attempted_count"":0,""bucket"":""[0.4, 0.6)"",""diagnosis_exact_count"":0,""diagnosis_exact_n"":0,""diagnosis_exact_rate"":null,""mean_confidence"":null,""n"":0,""recovered_count"":0},{""abstain_count"":0,""attempted_count"":0,""bucket"":""[0.6, 0.8)"",""diagnosis_exact_count"":0,""diagnosis_exact_n"":0,""diagnosis_exact_rate"":null,""mean_confidence"":null,""n"":0,""recovered_count"":0},{""abstain_count"":3,""attempted_count"":0,""bucket"":""[0.8, 1.0]"",""diagnosis_exact_count"":0,""diagnosis_exact_n"":0,""diagnosis_exact_rate"":null,""mean_confidence"":0.89,""n"":3,""recovered_count"":0},{""abstain_count"":0,""attempted_count"":0,""bucket"":""missing"",""diagnosis_exact_count"":0,""diagnosis_exact_n"":0,""diagnosis_exact_rate"":null,""mean_confidence"":null,""n"":0,""recovered_count"":0}]",True,0,"{'ece': None, 'n': 0, 'bins': []}","{'brier': None, 'n': 0}","{""aurc"":null,""coverage"":[],""curve"":[],""n"":0,""points"":[],""risk"":[]}","{""brier_score"":null,""expected_calibration_error"":null}"
drop_action,raw,3,3,3,0,0,0,3,0,0,0,3,0.0,0.0,0.0,1.0,"{""lower"":0.0,""n"":3,""successes"":0,""upper"":0.5614970317550454}","{""lower"":0.0,""n"":3,""successes"":0,""upper"":0.5614970317550454}","{""lower"":0.0,""n"":3,""successes"":0,""upper"":0.5614970317550454}","{""lower"":0.4385029682449546,""n"":3,""successes"":3,""upper"":1.0}","{""availability_rate"":0.0,""available_count"":0,""missing_count"":3,""summary"":null}","[{""abstain_count"":0,""attempted_count"":0,""bucket"":""[0.0, 0.2)"",""diagnosis_exact_count"":0,""diagnosis_exact_n"":0,""diagnosis_exact_rate"":null,""mean_confidence"":null,""n"":0,""recovered_count"":0},{""abstain_count"":0,""attempted_count"":0,""bucket"":""[0.2, 0.4)"",""diagnosis_exact_count"":0,""diagnosis_exact_n"":0,""diagnosis_exact_rate"":null,""mean_confidence"":null,""n"":0,""recovered_count"":0},{""abstain_count"":0,""attempted_count"":0,""bucket"":""[0.4, 0.6)"",""diagnosis_exact_count"":0,""diagnosis_exact_n"":0,""diagnosis_exact_rate"":null,""mean_confidence"":null,""n"":0,""recovered_count"":0},{""abstain_count"":0,""attempted_count"":0,""bucket"":""[0.6, 0.8)"",""diagnosis_exact_count"":0,""diagnosis_exact_n"":0,""diagnosis_exact_rate"":null,""mean_confidence"":null,""n"":0,""recovered_count"":0},{""abstain_count"":3,""attempted_count"":0,""bucket"":""[0.8, 1.0]"",""diagnosis_exact_count"":0,""diagnosis_exact_n"":0,""diagnosis_exact_rate"":null,""mean_confidence"":0.89,""n"":3,""recovered_count"":0},{""abstain_count"":0,""attempted_count"":0,""bucket"":""missing"",""diagnosis_exact_count"":0,""diagnosis_exact_n"":0,""diagnosis_exact_rate"":null,""mean_confidence"":null,""n"":0,""recovered_count"":0}]",True,0,"{'ece': None, 'n': 0, 'bins': []}","{'brier': None, 'n': 0}","{""aurc"":null,""coverage"":[],""curve"":[],""n"":0,""points"":[],""risk"":[]}","{""brier_score"":null,""expected_calibration_error"":null}"
drop_action,recovery,3,3,3,3,3,0,0,3,3,0,0,1.0,1.0,0.0,0.0,"{""lower"":0.4385029682449546,""n"":3,""successes"":3,""upper"":1.0}","{""lower"":0.4385029682449546,""n"":3,""successes"":3,""upper"":1.0}","{""lower"":0.0,""n"":3,""successes"":0,""upper"":0.5614970317550454}","{""lower"":0.0,""n"":3,""successes"":0,""upper"":0.5614970317550454}","{""availability_rate"":0.0,""available_count"":0,""missing_count"":3,""summary"":null}","[{""abstain_count"":0,""attempted_count"":0,""bucket"":""[0.0, 0.2)"",""diagnosis_exact_count"":0,""diagnosis_exact_n"":0,""diagnosis_exact_rate"":null,""mean_confidence"":null,""n"":0,""recovered_count"":0},{""abstain_count"":0,""attempted_count"":0,""bucket"":""[0.2, 0.4)"",""diagnosis_exact_count"":0,""diagnosis_exact_n"":0,""diagnosis_exact_rate"":null,""mean_confidence"":null,""n"":0,""recovered_count"":0},{""abstain_count"":0,""attempted_count"":0,""bucket"":""[0.4, 0.6)"",""diagnosis_exact_count"":0,""diagnosis_exact_n"":0,""diagnosis_exact_rate"":null,""mean_confidence"":null,""n"":0,""recovered_count"":0},{""abstain_count"":0,""attempted_count"":0,""bucket"":""[0.6, 0.8)"",""diagnosis_exact_count"":0,""diagnosis_exact_n"":0,""diagnosis_exact_rate"":null,""mean_confidence"":null,""n"":0,""recovered_count"":0},{""abstain_count"":0,""attempted_count"":3,""bucket"":""[0.8, 1.0]"",""diagnosis_exact_count"":0,""diagnosis_exact_n"":0,""diagnosis_exact_rate"":null,""mean_confidence"":0.89,""n"":3,""recovered_count"":3},{""abstain_count"":0,""attempted_count"":0,""bucket"":""missing"",""diagnosis_exact_count"":0,""diagnosis_exact_n"":0,""diagnosis_exact_rate"":null,""mean_confidence"":null,""n"":0,""recovered_count"":0}]",True,0,"{'ece': None, 'n': 0, 'bins': []}","{'brier': None, 'n': 0}","{""aurc"":null,""coverage"":[],""curve"":[],""n"":0,""points"":[],""risk"":[]}","{""brier_score"":null,""expected_calibration_error"":null}"
force_error,oracle,3,3,3,0,0,0,3,0,0,0,3,0.0,0.0,0.0,1.0,"{""lower"":0.0,""n"":3,""successes"":0,""upper"":0.5614970317550454}","{""lower"":0.0,""n"":3,""successes"":0,""upper"":0.5614970317550454}","{""lower"":0.0,""n"":3,""successes"":0,""upper"":0.5614970317550454}","{""lower"":0.4385029682449546,""n"":3,""successes"":3,""upper"":1.0}","{""availability_rate"":0.0,""available_count"":0,""missing_count"":3,""summary"":null}","[{""abstain_count"":0,""attempted_count"":0,""bucket"":""[0.0, 0.2)"",""diagnosis_exact_count"":0,""diagnosis_exact_n"":0,""diagnosis_exact_rate"":null,""mean_confidence"":null,""n"":0,""recovered_count"":0},{""abstain_count"":0,""attempted_count"":0,""bucket"":""[0.2, 0.4)"",""diagnosis_exact_count"":0,""diagnosis_exact_n"":0,""diagnosis_exact_rate"":null,""mean_confidence"":null,""n"":0,""recovered_count"":0},{""abstain_count"":0,""attempted_count"":0,""bucket"":""[0.4, 0.6)"",""diagnosis_exact_count"":0,""diagnosis_exact_n"":0,""diagnosis_exact_rate"":null,""mean_confidence"":null,""n"":0,""recovered_count"":0},{""abstain_count"":0,""attempted_count"":0,""bucket"":""[0.6, 0.8)"",""diagnosis_exact_count"":0,""diagnosis_exact_n"":0,""diagnosis_exact_rate"":null,""mean_confidence"":null,""n"":0,""recovered_count"":0},{""abstain_count"":3,""attempted_count"":0,""bucket"":""[0.8, 1.0]"",""diagnosis_exact_count"":0,""diagnosis_exact_n"":0,""diagnosis_exact_rate"":null,""mean_confidence"":0.89,""n"":3,""recovered_count"":0},{""abstain_count"":0,""attempted_count"":0,""bucket"":""missing"",""diagnosis_exact_count"":0,""diagnosis_exact_n"":0,""diagnosis_exact_rate"":null,""mean_confidence"":null,""n"":0,""recovered_count"":0}]",True,0,"{'ece': None, 'n': 0, 'bins': []}","{'brier': None, 'n': 0}","{""aurc"":null,""coverage"":[],""curve"":[],""n"":0,""points"":[],""risk"":[]}","{""brier_score"":null,""expected_calibration_error"":null}"
force_error,raw,3,3,3,0,0,0,3,0,0,0,3,0.0,0.0,0.0,1.0,"{""lower"":0.0,""n"":3,""successes"":0,""upper"":0.5614970317550454}","{""lower"":0.0,""n"":3,""successes"":0,""upper"":0.5614970317550454}","{""lower"":0.0,""n"":3,""successes"":0,""upper"":0.5614970317550454}","{""lower"":0.4385029682449546,""n"":3,""successes"":3,""upper"":1.0}","{""availability_rate"":0.0,""available_count"":0,""missing_count"":3,""summary"":null}","[{""abstain_count"":0,""attempted_count"":0,""bucket"":""[0.0, 0.2)"",""diagnosis_exact_count"":0,""diagnosis_exact_n"":0,""diagnosis_exact_rate"":null,""mean_confidence"":null,""n"":0,""recovered_count"":0},{""abstain_count"":0,""attempted_count"":0,""bucket"":""[0.2, 0.4)"",""diagnosis_exact_count"":0,""diagnosis_exact_n"":0,""diagnosis_exact_rate"":null,""mean_confidence"":null,""n"":0,""recovered_count"":0},{""abstain_count"":0,""attempted_count"":0,""bucket"":""[0.4, 0.6)"",""diagnosis_exact_count"":0,""diagnosis_exact_n"":0,""diagnosis_exact_rate"":null,""mean_confidence"":null,""n"":0,""recovered_count"":0},{""abstain_count"":0,""attempted_count"":0,""bucket"":""[0.6, 0.8)"",""diagnosis_exact_count"":0,""diagnosis_exact_n"":0,""diagnosis_exact_rate"":null,""mean_confidence"":null,""n"":0,""recovered_count"":0},{""abstain_count"":3,""attempted_count"":0,""bucket"":""[0.8, 1.0]"",""diagnosis_exact_count"":0,""diagnosis_exact_n"":0,""diagnosis_exact_rate"":null,""mean_confidence"":0.89,""n"":3,""recovered_count"":0},{""abstain_count"":0,""attempted_count"":0,""bucket"":""missing"",""diagnosis_exact_count"":0,""diagnosis_exact_n"":0,""diagnosis_exact_rate"":null,""mean_confidence"":null,""n"":0,""recovered_count"":0}]",True,0,"{'ece': None, 'n': 0, 'bins': []}","{'brier': None, 'n': 0}","{""aurc"":null,""coverage"":[],""curve"":[],""n"":0,""points"":[],""risk"":[]}","{""brier_score"":null,""expected_calibration_error"":null}"
force_error,recovery,3,3,3,3,0,0,0,3,0,0,0,1.0,0.0,0.0,0.0,"{""lower"":0.0,""n"":3,""successes"":0,""upper"":0.5614970317550454}","{""lower"":0.4385029682449546,""n"":3,""successes"":3,""upper"":1.0}","{""lower"":0.0,""n"":3,""successes"":0,""upper"":0.5614970317550454}","{""lower"":0.0,""n"":3,""successes"":0,""upper"":0.5614970317550454}","{""availability_rate"":0.0,""available_count"":0,""missing_count"":3,""summary"":null}","[{""abstain_count"":0,""attempted_count"":0,""bucket"":""[0.0, 0.2)"",""diagnosis_exact_count"":0,""diagnosis_exact_n"":0,""diagnosis_exact_rate"":null,""mean_confidence"":null,""n"":0,""recovered_count"":0},{""abstain_count"":0,""attempted_count"":0,""bucket"":""[0.2, 0.4)"",""diagnosis_exact_count"":0,""diagnosis_exact_n"":0,""diagnosis_exact_rate"":null,""mean_confidence"":null,""n"":0,""recovered_count"":0},{""abstain_count"":0,""attempted_count"":0,""bucket"":""[0.4, 0.6)"",""diagnosis_exact_count"":0,""diagnosis_exact_n"":0,""diagnosis_exact_rate"":null,""mean_confidence"":null,""n"":0,""recovered_count"":0},{""abstain_count"":0,""attempted_count"":0,""bucket"":""[0.6, 0.8)"",""diagnosis_exact_count"":0,""diagnosis_exact_n"":0,""diagnosis_exact_rate"":null,""mean_confidence"":null,""n"":0,""recovered_count"":0},{""abstain_count"":0,""attempted_count"":3,""bucket"":""[0.8, 1.0]"",""diagnosis_exact_count"":0,""diagnosis_exact_n"":0,""diagnosis_exact_rate"":null,""mean_confidence"":0.89,""n"":3,""recovered_count"":0},{""abstain_count"":0,""attempted_count"":0,""bucket"":""missing"",""diagnosis_exact_count"":0,""diagnosis_exact_n"":0,""diagnosis_exact_rate"":null,""mean_confidence"":null,""n"":0,""recovered_count"":0}]",True,0,"{'ece': None, 'n': 0, 'bins': []}","{'brier': None, 'n': 0}","{""aurc"":null,""coverage"":[],""curve"":[],""n"":0,""points"":[],""risk"":[]}","{""brier_score"":null,""expected_calibration_error"":null}"
rate_limit,oracle,3,3,3,0,0,0,3,0,0,0,3,0.0,0.0,0.0,1.0,"{""lower"":0.0,""n"":3,""successes"":0,""upper"":0.5614970317550454}","{""lower"":0.0,""n"":3,""successes"":0,""upper"":0.5614970317550454}","{""lower"":0.0,""n"":3,""successes"":0,""upper"":0.5614970317550454}","{""lower"":0.4385029682449546,""n"":3,""successes"":3,""upper"":1.0}","{""availability_rate"":0.0,""available_count"":0,""missing_count"":3,""summary"":null}","[{""abstain_count"":0,""attempted_count"":0,""bucket"":""[0.0, 0.2)"",""diagnosis_exact_count"":0,""diagnosis_exact_n"":0,""diagnosis_exact_rate"":null,""mean_confidence"":null,""n"":0,""recovered_count"":0},{""abstain_count"":0,""attempted_count"":0,""bucket"":""[0.2, 0.4)"",""diagnosis_exact_count"":0,""diagnosis_exact_n"":0,""diagnosis_exact_rate"":null,""mean_confidence"":null,""n"":0,""recovered_count"":0},{""abstain_count"":0,""attempted_count"":0,""bucket"":""[0.4, 0.6)"",""diagnosis_exact_count"":0,""diagnosis_exact_n"":0,""diagnosis_exact_rate"":null,""mean_confidence"":null,""n"":0,""recovered_count"":0},{""abstain_count"":0,""attempted_count"":0,""bucket"":""[0.6, 0.8)"",""diagnosis_exact_count"":0,""diagnosis_exact_n"":0,""diagnosis_exact_rate"":null,""mean_confidence"":null,""n"":0,""recovered_count"":0},{""abstain_count"":3,""attempted_count"":0,""bucket"":""[0.8, 1.0]"",""diagnosis_exact_count"":0,""diagnosis_exact_n"":0,""diagnosis_exact_rate"":null,""mean_confidence"":0.89,""n"":3,""recovered_count"":0},{""abstain_count"":0,""attempted_count"":0,""bucket"":""missing"",""diagnosis_exact_count"":0,""diagnosis_exact_n"":0,""diagnosis_exact_rate"":null,""mean_confidence"":null,""n"":0,""recovered_count"":0}]",True,0,"{'ece': None, 'n': 0, 'bins': []}","{'brier': None, 'n': 0}","{""aurc"":null,""coverage"":[],""curve"":[],""n"":0,""points"":[],""risk"":[]}","{""brier_score"":null,""expected_calibration_error"":null}"
rate_limit,raw,3,3,3,0,0,0,3,0,0,0,3,0.0,0.0,0.0,1.0,"{""lower"":0.0,""n"":3,""successes"":0,""upper"":0.5614970317550454}","{""lower"":0.0,""n"":3,""successes"":0,""upper"":0.5614970317550454}","{""lower"":0.0,""n"":3,""successes"":0,""upper"":0.5614970317550454}","{""lower"":0.4385029682449546,""n"":3,""successes"":3,""upper"":1.0}","{""availability_rate"":0.0,""available_count"":0,""missing_count"":3,""summary"":null}","[{""abstain_count"":0,""attempted_count"":0,""bucket"":""[0.0, 0.2)"",""diagnosis_exact_count"":0,""diagnosis_exact_n"":0,""diagnosis_exact_rate"":null,""mean_confidence"":null,""n"":0,""recovered_count"":0},{""abstain_count"":0,""attempted_count"":0,""bucket"":""[0.2, 0.4)"",""diagnosis_exact_count"":0,""diagnosis_exact_n"":0,""diagnosis_exact_rate"":null,""mean_confidence"":null,""n"":0,""recovered_count"":0},{""abstain_count"":0,""attempted_count"":0,""bucket"":""[0.4, 0.6)"",""diagnosis_exact_count"":0,""diagnosis_exact_n"":0,""diagnosis_exact_rate"":null,""mean_confidence"":null,""n"":0,""recovered_count"":0},{""abstain_count"":0,""attempted_count"":0,""bucket"":""[0.6, 0.8)"",""diagnosis_exact_count"":0,""diagnosis_exact_n"":0,""diagnosis_exact_rate"":null,""mean_confidence"":null,""n"":0,""recovered_count"":0},{""abstain_count"":3,""attempted_count"":0,""bucket"":""[0.8, 1.0]"",""diagnosis_exact_count"":0,""diagnosis_exact_n"":0,""diagnosis_exact_rate"":null,""mean_confidence"":0.89,""n"":3,""recovered_count"":0},{""abstain_count"":0,""attempted_count"":0,""bucket"":""missing"",""diagnosis_exact_count"":0,""diagnosis_exact_n"":0,""diagnosis_exact_rate"":null,""mean_confidence"":null,""n"":0,""recovered_count"":0}]",True,0,"{'ece': None, 'n': 0, 'bins': []}","{'brier': None, 'n': 0}","{""aurc"":null,""coverage"":[],""curve"":[],""n"":0,""points"":[],""risk"":[]}","{""brier_score"":null,""expected_calibration_error"":null}"
rate_limit,recovery,3,3,3,3,0,0,0,3,0,0,0,1.0,0.0,0.0,0.0,"{""lower"":0.0,""n"":3,""successes"":0,""upper"":0.5614970317550454}","{""lower"":0.4385029682449546,""n"":3,""successes"":3,""upper"":1.0}","{""lower"":0.0,""n"":3,""successes"":0,""upper"":0.5614970317550454}","{""lower"":0.0,""n"":3,""successes"":0,""upper"":0.5614970317550454}","{""availability_rate"":0.0,""available_count"":0,""missing_count"":3,""summary"":null}","[{""abstain_count"":0,""attempted_count"":0,""bucket"":""[0.0, 0.2)"",""diagnosis_exact_count"":0,""diagnosis_exact_n"":0,""diagnosis_exact_rate"":null,""mean_confidence"":null,""n"":0,""recovered_count"":0},{""abstain_count"":0,""attempted_count"":0,""bucket"":""[0.2, 0.4)"",""diagnosis_exact_count"":0,""diagnosis_exact_n"":0,""diagnosis_exact_rate"":null,""mean_confidence"":null,""n"":0,""recovered_count"":0},{""abstain_count"":0,""attempted_count"":0,""bucket"":""[0.4, 0.6)"",""diagnosis_exact_count"":0,""diagnosis_exact_n"":0,""diagnosis_exact_rate"":null,""mean_confidence"":null,""n"":0,""recovered_count"":0},{""abstain_count"":0,""attempted_count"":0,""bucket"":""[0.6, 0.8)"",""diagnosis_exact_count"":0,""diagnosis_exact_n"":0,""diagnosis_exact_rate"":null,""mean_confidence"":null,""n"":0,""recovered_count"":0},{""abstain_count"":0,""attempted_count"":3,""bucket"":""[0.8, 1.0]"",""diagnosis_exact_count"":0,""diagnosis_exact_n"":0,""diagnosis_exact_rate"":null,""mean_confidence"":0.89,""n"":3,""recovered_count"":0},{""abstain_count"":0,""attempted_count"":0,""bucket"":""missing"",""diagnosis_exact_count"":0,""diagnosis_exact_n"":0,""diagnosis_exact_rate"":null,""mean_confidence"":null,""n"":0,""recovered_count"":0}]",True,0,"{'ece': None, 'n': 0, 'bins': []}","{'brier': None, 'n': 0}","{""aurc"":null,""coverage"":[],""curve"":[],""n"":0,""points"":[],""risk"":[]}","{""brier_score"":null,""expected_calibration_error"":null}"
replace_action,oracle,3,0,0,3,0,0,0,3,0,0,0,1.0,,,0.0,,"{""lower"":0.4385029682449546,""n"":3,""successes"":3,""upper"":1.0}",,"{""lower"":0.0,""n"":3,""successes"":0,""upper"":0.5614970317550454}","{""availability_rate"":0.0,""available_count"":0,""missing_count"":3,""summary"":null}","[{""abstain_count"":0,""attempted_count"":0,""bucket"":""[0.0, 0.2)"",""diagnosis_exact_count"":0,""diagnosis_exact_n"":0,""diagnosis_exact_rate"":null,""mean_confidence"":null,""n"":0,""recovered_count"":0},{""abstain_count"":0,""attempted_count"":3,""bucket"":""[0.2, 0.4)"",""diagnosis_exact_count"":0,""diagnosis_exact_n"":0,""diagnosis_exact_rate"":null,""mean_confidence"":0.25,""n"":3,""recovered_count"":0},{""abstain_count"":0,""attempted_count"":0,""bucket"":""[0.4, 0.6)"",""diagnosis_exact_count"":0,""diagnosis_exact_n"":0,""diagnosis_exact_rate"":null,""mean_confidence"":null,""n"":0,""recovered_count"":0},{""abstain_count"":0,""attempted_count"":0,""bucket"":""[0.6, 0.8)"",""diagnosis_exact_count"":0,""diagnosis_exact_n"":0,""diagnosis_exact_rate"":null,""mean_confidence"":null,""n"":0,""recovered_count"":0},{""abstain_count"":0,""attempted_count"":0,""bucket"":""[0.8, 1.0]"",""diagnosis_exact_count"":0,""diagnosis_exact_n"":0,""diagnosis_exact_rate"":null,""mean_confidence"":null,""n"":0,""recovered_count"":0},{""abstain_count"":0,""attempted_count"":0,""bucket"":""missing"",""diagnosis_exact_count"":0,""diagnosis_exact_n"":0,""diagnosis_exact_rate"":null,""mean_confidence"":null,""n"":0,""recovered_count"":0}]",True,0,"{'ece': None, 'n': 0, 'bins': []}","{'brier': None, 'n': 0}","{""aurc"":null,""coverage"":[],""curve"":[],""n"":0,""points"":[],""risk"":[]}","{""brier_score"":null,""expected_calibration_error"":null}"
replace_action,raw,3,0,0,0,0,0,3,0,0,0,3,0.0,,,1.0,,"{""lower"":0.0,""n"":3,""successes"":0,""upper"":0.5614970317550454}",,"{""lower"":0.4385029682449546,""n"":3,""successes"":3,""upper"":1.0}","{""availability_rate"":0.0,""available_count"":0,""missing_count"":3,""summary"":null}","[{""abstain_count"":0,""attempted_count"":0,""bucket"":""[0.0, 0.2)"",""diagnosis_exact_count"":0,""diagnosis_exact_n"":0,""diagnosis_exact_rate"":null,""mean_confidence"":null,""n"":0,""recovered_count"":0},{""abstain_count"":3,""attempted_count"":0,""bucket"":""[0.2, 0.4)"",""diagnosis_exact_count"":0,""diagnosis_exact_n"":0,""diagnosis_exact_rate"":null,""mean_confidence"":0.25,""n"":3,""recovered_count"":0},{""abstain_count"":0,""attempted_count"":0,""bucket"":""[0.4, 0.6)"",""diagnosis_exact_count"":0,""diagnosis_exact_n"":0,""diagnosis_exact_rate"":null,""mean_confidence"":null,""n"":0,""recovered_count"":0},{""abstain_count"":0,""attempted_count"":0,""bucket"":""[0.6, 0.8)"",""diagnosis_exact_count"":0,""diagnosis_exact_n"":0,""diagnosis_exact_rate"":null,""mean_confidence"":null,""n"":0,""recovered_count"":0},{""abstain_count"":0,""attempted_count"":0,""bucket"":""[0.8, 1.0]"",""diagnosis_exact_count"":0,""diagnosis_exact_n"":0,""diagnosis_exact_rate"":null,""mean_confidence"":null,""n"":0,""recovered_count"":0},{""abstain_count"":0,""attempted_count"":0,""bucket"":""missing"",""diagnosis_exact_count"":0,""diagnosis_exact_n"":0,""diagnosis_exact_rate"":null,""mean_confidence"":null,""n"":0,""recovered_count"":0}]",True,0,"{'ece': None, 'n': 0, 'bins': []}","{'brier': None, 'n': 0}","{""aurc"":null,""coverage"":[],""curve"":[],""n"":0,""points"":[],""risk"":[]}","{""brier_score"":null,""expected_calibration_error"":null}"
replace_action,recovery,3,0,0,0,0,0,3,0,0,0,3,0.0,,,1.0,,"{""lower"":0.0,""n"":3,""successes"":0,""upper"":0.5614970317550454}",,"{""lower"":0.4385029682449546,""n"":3,""successes"":3,""upper"":1.0}","{""availability_rate"":0.0,""available_count"":0,""missing_count"":3,""summary"":null}","[{""abstain_count"":0,""attempted_count"":0,""bucket"":""[0.0, 0.2)"",""diagnosis_exact_count"":0,""diagnosis_exact_n"":0,""diagnosis_exact_rate"":null,""mean_confidence"":null,""n"":0,""recovered_count"":0},{""abstain_count"":3,""attempted_count"":0,""bucket"":""[0.2, 0.4)"",""diagnosis_exact_count"":0,""diagnosis_exact_n"":0,""diagnosis_exact_rate"":null,""mean_confidence"":0.25,""n"":3,""recovered_count"":0},{""abstain_count"":0,""attempted_count"":0,""bucket"":""[0.4, 0.6)"",""diagnosis_exact_count"":0,""diagnosis_exact_n"":0,""diagnosis_exact_rate"":null,""mean_confidence"":null,""n"":0,""recovered_count"":0},{""abstain_count"":0,""attempted_count"":0,""bucket"":""[0.6, 0.8)"",""diagnosis_exact_count"":0,""diagnosis_exact_n"":0,""diagnosis_exact_rate"":null,""mean_confidence"":null,""n"":0,""recovered_count"":0},{""abstain_count"":0,""attempted_count"":0,""bucket"":""[0.8, 1.0]"",""diagnosis_exact_count"":0,""diagnosis_exact_n"":0,""diagnosis_exact_rate"":null,""mean_confidence"":null,""n"":0,""recovered_count"":0},{""abstain_count"":0,""attempted_count"":0,""bucket"":""missing"",""diagnosis_exact_count"":0,""diagnosis_exact_n"":0,""diagnosis_exact_rate"":null,""mean_confidence"":null,""n"":0,""recovered_count"":0}]",True,0,"{'ece': None, 'n': 0, 'bins': []}","{'brier': None, 'n': 0}","{""aurc"":null,""coverage"":[],""curve"":[],""n"":0,""points"":[],""risk"":[]}","{""brier_score"":null,""expected_calibration_error"":null}"
wrong_tool,oracle,3,3,3,0,0,0,3,0,0,0,3,0.0,0.0,0.0,1.0,"{""lower"":0.0,""n"":3,""successes"":0,""upper"":0.5614970317550454}","{""lower"":0.0,""n"":3,""successes"":0,""upper"":0.5614970317550454}","{""lower"":0.0,""n"":3,""successes"":0,""upper"":0.5614970317550454}","{""lower"":0.4385029682449546,""n"":3,""successes"":3,""upper"":1.0}","{""availability_rate"":0.0,""available_count"":0,""missing_count"":3,""summary"":null}","[{""abstain_count"":0,""attempted_count"":0,""bucket"":""[0.0, 0.2)"",""diagnosis_exact_count"":0,""diagnosis_exact_n"":0,""diagnosis_exact_rate"":null,""mean_confidence"":null,""n"":0,""recovered_count"":0},{""abstain_count"":0,""attempted_count"":0,""bucket"":""[0.2, 0.4)"",""diagnosis_exact_count"":0,""diagnosis_exact_n"":0,""diagnosis_exact_rate"":null,""mean_confidence"":null,""n"":0,""recovered_count"":0},{""abstain_count"":0,""attempted_count"":0,""bucket"":""[0.4, 0.6)"",""diagnosis_exact_count"":0,""diagnosis_exact_n"":0,""diagnosis_exact_rate"":null,""mean_confidence"":null,""n"":0,""recovered_count"":0},{""abstain_count"":0,""attempted_count"":0,""bucket"":""[0.6, 0.8)"",""diagnosis_exact_count"":0,""diagnosis_exact_n"":0,""diagnosis_exact_rate"":null,""mean_confidence"":null,""n"":0,""recovered_count"":0},{""abstain_count"":3,""attempted_count"":0,""bucket"":""[0.8, 1.0]"",""diagnosis_exact_count"":0,""diagnosis_exact_n"":0,""diagnosis_exact_rate"":null,""mean_confidence"":0.86,""n"":3,""recovered_count"":0},{""abstain_count"":0,""attempted_count"":0,""bucket"":""missing"",""diagnosis_exact_count"":0,""diagnosis_exact_n"":0,""diagnosis_exact_rate"":null,""mean_confidence"":null,""n"":0,""recovered_count"":0}]",True,0,"{'ece': None, 'n': 0, 'bins': []}","{'brier': None, 'n': 0}","{""aurc"":null,""coverage"":[],""curve"":[],""n"":0,""points"":[],""risk"":[]}","{""brier_score"":null,""expected_calibration_error"":null}"
wrong_tool,raw,3,3,3,0,0,0,3,0,0,0,3,0.0,0.0,0.0,1.0,"{""lower"":0.0,""n"":3,""successes"":0,""upper"":0.5614970317550454}","{""lower"":0.0,""n"":3,""successes"":0,""upper"":0.5614970317550454}","{""lower"":0.0,""n"":3,""successes"":0,""upper"":0.5614970317550454}","{""lower"":0.4385029682449546,""n"":3,""successes"":3,""upper"":1.0}","{""availability_rate"":0.0,""available_count"":0,""missing_count"":3,""summary"":null}","[{""abstain_count"":0,""attempted_count"":0,""bucket"":""[0.0, 0.2)"",""diagnosis_exact_count"":0,""diagnosis_exact_n"":0,""diagnosis_exact_rate"":null,""mean_confidence"":null,""n"":0,""recovered_count"":0},{""abstain_count"":0,""attempted_count"":0,""bucket"":""[0.2, 0.4)"",""diagnosis_exact_count"":0,""diagnosis_exact_n"":0,""diagnosis_exact_rate"":null,""mean_confidence"":null,""n"":0,""recovered_count"":0},{""abstain_count"":0,""attempted_count"":0,""bucket"":""[0.4, 0.6)"",""diagnosis_exact_count"":0,""diagnosis_exact_n"":0,""diagnosis_exact_rate"":null,""mean_confidence"":null,""n"":0,""recovered_count"":0},{""abstain_count"":0,""attempted_count"":0,""bucket"":""[0.6, 0.8)"",""diagnosis_exact_count"":0,""diagnosis_exact_n"":0,""diagnosis_exact_rate"":null,""mean_confidence"":null,""n"":0,""recovered_count"":0},{""abstain_count"":3,""attempted_count"":0,""bucket"":""[0.8, 1.0]"",""diagnosis_exact_count"":0,""diagnosis_exact_n"":0,""diagnosis_exact_rate"":null,""mean_confidence"":0.86,""n"":3,""recovered_count"":0},{""abstain_count"":0,""attempted_count"":0,""bucket"":""missing"",""diagnosis_exact_count"":0,""diagnosis_exact_n"":0,""diagnosis_exact_rate"":null,""mean_confidence"":null,""n"":0,""recovered_count"":0}]",True,0,"{'ece': None, 'n': 0, 'bins': []}","{'brier': None, 'n': 0}","{""aurc"":null,""coverage"":[],""curve"":[],""n"":0,""points"":[],""risk"":[]}","{""brier_score"":null,""expected_calibration_error"":null}"
wrong_tool,recovery,3,3,3,3,0,0,0,3,0,0,0,1.0,0.0,0.0,0.0,"{""lower"":0.0,""n"":3,""successes"":0,""upper"":0.5614970317550454}","{""lower"":0.4385029682449546,""n"":3,""successes"":3,""upper"":1.0}","{""lower"":0.0,""n"":3,""successes"":0,""upper"":0.5614970317550454}","{""lower"":0.0,""n"":3,""successes"":0,""upper"":0.5614970317550454}","{""availability_rate"":0.0,""available_count"":0,""missing_count"":3,""summary"":null}","[{""abstain_count"":0,""attempted_count"":0,""bucket"":""[0.0, 0.2)"",""diagnosis_exact_count"":0,""diagnosis_exact_n"":0,""diagnosis_exact_rate"":null,""mean_confidence"":null,""n"":0,""recovered_count"":0},{""abstain_count"":0,""attempted_count"":0,""bucket"":""[0.2, 0.4)"",""diagnosis_exact_count"":0,""diagnosis_exact_n"":0,""diagnosis_exact_rate"":null,""mean_confidence"":null,""n"":0,""recovered_count"":0},{""abstain_count"":0,""attempted_count"":0,""bucket"":""[0.4, 0.6)"",""diagnosis_exact_count"":0,""diagnosis_exact_n"":0,""diagnosis_exact_rate"":null,""mean_confidence"":null,""n"":0,""recovered_count"":0},{""abstain_count"":0,""attempted_count"":0,""bucket"":""[0.6, 0.8)"",""diagnosis_exact_count"":0,""diagnosis_exact_n"":0,""diagnosis_exact_rate"":null,""mean_confidence"":null,""n"":0,""recovered_count"":0},{""abstain_count"":0,""attempted_count"":3,""bucket"":""[0.8, 1.0]"",""diagnosis_exact_count"":0,""diagnosis_exact_n"":0,""diagnosis_exact_rate"":null,""mean_confidence"":0.86,""n"":3,""recovered_count"":0},{""abstain_count"":0,""attempted_count"":0,""bucket"":""missing"",""diagnosis_exact_count"":0,""diagnosis_exact_n"":0,""diagnosis_exact_rate"":null,""mean_confidence"":null,""n"":0,""recovered_count"":0}]",True,0,"{'ece': None, 'n': 0, 'bins': []}","{'brier': None, 'n': 0}","{""aurc"":null,""coverage"":[],""curve"":[],""n"":0,""points"":[],""risk"":[]}","{""brier_score"":null,""expected_calibration_error"":null}"
